{"IcoMoonType":"selection","icons":[{"icon":{"paths":["M670.17 286.17c16.661-16.663 16.661-43.677 0-60.34s-43.678-16.662-60.339 0l-256 256c-16.662 16.661-16.662 43.678 0 60.339l256 256c16.661 16.661 43.678 16.661 60.339 0s16.661-43.678 0-60.339l-225.83-225.83 225.83-225.83z"],"attrs":[],"isMulticolor":false,"isMulticolor2":false,"grid":0,"tags":["Property 1=back"],"colorPermutations":{}},"attrs":[],"properties":{"order":134,"id":8,"name":"Property-1back","prevSize":32,"code":59648},"setIdx":0,"setId":2,"iconIdx":0},{"icon":{"paths":["M448 149.334c0-35.328 28.672-64 64-64s64 28.672 64 64v29.75c110.378 28.459 192 128.33 192 247.585v256l85.334 85.331v42.669h-682.668v-42.669l85.333-85.331v-256c0-119.255 81.622-219.21 192-247.668v-29.667zM512 938.669c-47.104 0-85.334-38.189-85.334-85.334h170.669c0 47.104-38.23 85.334-85.334 85.334z"],"attrs":[],"isMulticolor":false,"isMulticolor2":false,"grid":0,"tags":["Property 1=bell"],"colorPermutations":{}},"attrs":[],"properties":{"order":135,"id":7,"name":"Property-1bell","prevSize":32,"code":59649},"setIdx":0,"setId":2,"iconIdx":1},{"icon":{"paths":["M140.5 200.833l60.333-60.333 311.167 311.167 311.168-311.167 60.333 60.333-311.168 311.167 311.168 311.168-60.333 60.333-311.168-311.168-311.167 311.168-60.333-60.333 311.167-311.168-311.167-311.167z"],"attrs":[],"isMulticolor":false,"isMulticolor2":false,"grid":0,"tags":["Property 1=delete"],"colorPermutations":{}},"attrs":[],"properties":{"order":136,"id":6,"name":"Property-1delete","prevSize":32,"code":59650},"setIdx":0,"setId":2,"iconIdx":2},{"icon":{"paths":["M42.667 512l469.333-422.416 213.334 192v-110.917h85.331v187.749l170.669 153.584h-128v384h-213.334v-298.666h-256v298.666h-213.333v-384h-128z"],"attrs":[],"isMulticolor":false,"isMulticolor2":false,"grid":0,"tags":["Property 1=home"],"colorPermutations":{}},"attrs":[],"properties":{"order":137,"id":5,"name":"Property-1home","prevSize":32,"code":59651},"setIdx":0,"setId":2,"iconIdx":3},{"icon":{"paths":["M128 213.333c-23.564 0-42.667 19.103-42.667 42.667s19.103 42.667 42.667 42.667h768c23.565 0 42.667-19.103 42.667-42.667s-19.102-42.667-42.667-42.667h-768zM128 469.333c-23.564 0-42.667 19.102-42.667 42.667s19.103 42.667 42.667 42.667h768c23.565 0 42.667-19.102 42.667-42.667s-19.102-42.667-42.667-42.667h-768zM85.333 768c0-23.565 19.103-42.667 42.667-42.667h768c23.565 0 42.667 19.102 42.667 42.667s-19.102 42.667-42.667 42.667h-768c-23.564 0-42.667-19.102-42.667-42.667z"],"attrs":[],"isMulticolor":false,"isMulticolor2":false,"grid":0,"tags":["Property 1=menu"],"colorPermutations":{}},"attrs":[],"properties":{"order":138,"id":4,"name":"Property-1menu","prevSize":32,"code":59652},"setIdx":0,"setId":2,"iconIdx":4},{"icon":{"paths":["M810.666 512l-469.331 298.669v-597.335l469.331 298.666z"],"attrs":[],"isMulticolor":false,"isMulticolor2":false,"grid":0,"tags":["Property 1=play"],"colorPermutations":{}},"attrs":[],"properties":{"order":139,"id":3,"name":"Property-1play","prevSize":32,"code":59653},"setIdx":0,"setId":2,"iconIdx":5},{"icon":{"paths":["M469.334 469.334v-341.334h85.331v341.334h341.334v85.331h-341.334v341.334h-85.331v-341.334h-341.334v-85.331h341.334z"],"attrs":[],"isMulticolor":false,"isMulticolor2":false,"grid":0,"tags":["Property 1=plus"],"colorPermutations":{}},"attrs":[],"properties":{"order":140,"id":2,"name":"Property-1plus","prevSize":32,"code":59654},"setIdx":0,"setId":2,"iconIdx":6},{"icon":{"paths":["M85.333 384c0-164.443 134.223-298.666 298.667-298.666 164.445 0 298.666 134.223 298.666 298.666 0 74.582-27.818 142.72-73.331 195.168l18.166 18.166h55.165l256 256-85.331 85.334-256-256v-55.168l-18.166-18.166c-52.448 45.517-120.586 73.334-195.168 73.334-164.444 0-298.667-134.224-298.667-298.669zM597.334 384c0-118.325-95.008-213.333-213.334-213.333s-213.333 95.007-213.333 213.333c0 118.326 95.007 213.334 213.333 213.334s213.334-95.008 213.334-213.334z"],"attrs":[],"isMulticolor":false,"isMulticolor2":false,"grid":0,"tags":["Property 1=search"],"colorPermutations":{}},"attrs":[],"properties":{"order":141,"id":1,"name":"Property-1search","prevSize":32,"code":59655},"setIdx":0,"setId":2,"iconIdx":7},{"icon":{"paths":["M803.469 938.666l-291.456-175.914-291.457 175.914 77.355-331.52-257.493-223.062 339.071-28.755 132.525-312.662 132.522 312.662 339.072 28.755-257.494 223.062 77.357 331.52z"],"attrs":[],"isMulticolor":false,"isMulticolor2":false,"grid":0,"tags":["Property 1=star"],"colorPermutations":{}},"attrs":[],"properties":{"order":142,"id":0,"name":"Property-1star","prevSize":32,"code":59656},"setIdx":0,"setId":2,"iconIdx":8}],"height":1024,"metadata":{"name":"icomoon"},"preferences":{"showGlyphs":true,"showQuickUse":true,"showQuickUse2":true,"showSVGs":true,"fontPref":{"prefix":"icon-","metadata":{"fontFamily":"icomoon"},"metrics":{"emSize":1024,"baseline":6.25,"whitespace":50},"embed":false},"imagePref":{"prefix":"icon-","png":true,"useClassSelector":true,"color":0,"bgColor":16777215,"classSelector":".icon"},"historySize":50,"showCodes":true,"gridSize":16,"showGrid":false}}